{"cameraMode":{"drawMode":0,"name":"Shaded","section":"Shading Mode"},"sceneLighting":true,"audioPlay":false,"sceneViewState":{"showFog":true,"showMaterialUpdate":true,"showSkybox":false,"showFlares":true,"showImageEffects":true,"showParticleSystems":true},"in2DMode":false,"pivot":{"x":0.3600001335144043,"y":17.040000915527345,"z":-2.1399998664855959},"rotation":{"x":0.09121987223625183,"y":-0.5439297556877136,"z":0.05963434278964996,"w":0.832024097442627},"size":93.4242172241211,"orthographic":false}