{"cameraMode":{"drawMode":0,"name":"Shaded","section":"Shading Mode"},"sceneLighting":true,"audioPlay":false,"sceneViewState":{"showFog":true,"showMaterialUpdate":true,"showSkybox":false,"showFlares":true,"showImageEffects":true,"showParticleSystems":true},"in2DMode":false,"pivot":{"x":2.888033628463745,"y":-4.889832019805908,"z":0.13871192932128907},"rotation":{"x":0.3481806218624115,"y":0.5557616949081421,"z":-0.2752813696861267,"w":0.7029368281364441},"size":8.7247953414917,"orthographic":false}