{"cameraMode":{"drawMode":0,"name":"Shaded","section":"Shading Mode"},"sceneLighting":true,"audioPlay":false,"sceneViewState":{"showFog":true,"showMaterialUpdate":false,"showSkybox":true,"showFlares":true,"showImageEffects":true,"showParticleSystems":true},"in2DMode":false,"pivot":{"x":0.029409784823656083,"y":0.9693294763565064,"z":1.4737961292266846},"rotation":{"x":0.3975563943386078,"y":0.23388302326202393,"z":-0.10558938980102539,"w":0.8810268640518189},"size":5.422781944274902,"orthographic":true}