{"cameraMode":{"drawMode":0,"name":"Shaded","section":"Shading Mode"},"sceneLighting":true,"audioPlay":false,"sceneViewState":{"showFog":true,"showMaterialUpdate":true,"showSkybox":true,"showFlares":true,"showImageEffects":true,"showParticleSystems":true},"in2DMode":false,"pivot":{"x":10.788588523864746,"y":-10.665513038635254,"z":32.093936920166019},"rotation":{"x":0.147927388548851,"y":0.10953973233699799,"z":-0.016487212851643564,"w":0.9827803373336792},"size":57.507537841796878,"orthographic":false}