{"cameraMode":{"drawMode":0,"name":"Shaded","section":"Shading Mode"},"sceneLighting":true,"audioPlay":false,"sceneViewState":{"showFog":true,"showMaterialUpdate":true,"showSkybox":true,"showFlares":true,"showImageEffects":true,"showParticleSystems":true},"in2DMode":false,"pivot":{"x":5.3951416015625,"y":3.0639572143554689,"z":-13.830021858215332},"rotation":{"x":0.7118499875068665,"y":0.027362491935491563,"z":-0.02777656726539135,"w":0.7012512683868408},"size":57.507537841796878,"orthographic":false}